timestamp,local_timestamp,exchange,symbol,ask_1_price,ask_1_qty,ask_2_price,ask_2_qty,ask_3_price,ask_3_qty,ask_4_price,ask_4_qty,ask_5_price,ask_5_qty,ask_6_price,ask_6_qty,ask_7_price,ask_7_qty,ask_8_price,ask_8_qty,ask_9_price,ask_9_qty,ask_10_price,ask_10_qty,bid_1_price,bid_1_qty,bid_2_price,bid_2_qty,bid_3_price,bid_3_qty,bid_4_price,bid_4_qty,bid_5_price,bid_5_qty,bid_6_price,bid_6_qty,bid_7_price,bid_7_qty,bid_8_price,bid_8_qty,bid_9_price,bid_9_qty,bid_10_price,bid_10_qty
1715176696378,1715176696414,BINANCE,BNBUSDT,585.4,7.13,585.41,0.7,585.42,0.6,585.43,2.13,585.44,3.19,585.45,4.84,585.46,0.17,585.47,0.69,585.48,1.47,585.49,2.35,585.39,7.54,585.38,0.6,585.37,2.79,585.36,10.36,585.35,26.16,585.34,2.48,585.33,14.9,585.32,0.41,585.31,15.07,585.3,14.8
1715176696419,1715176696414,BINANCE,SOLUSDT,147.512,66,147.517,20,147.518,90,147.519,53,147.52,29,147.521,11,147.526,1,147.527,7,147.528,3,147.529,18,147.511,10,147.51,3,147.509,11,147.508,28,147.507,2,147.506,2,147.505,3,147.501,3,147.5,41,147.499,3
1715176696453,1715176696439,BINANCE,ETHUSDT,3029.88,92.596,3029.94,0.501,3029.95,66.789,3029.96,0.091,3029.98,0.256,3030,244.648,3030.01,0.104,3030.02,0.007,3030.03,0.027,3030.04,0.54,3029.87,18.726,3029.86,0.008,3029.83,0.049,3029.82,0.007,3029.8,0.009,3029.74,0.007,3029.68,0.014,3029.67,0.008,3029.66,0.007,3029.65,0.009
1715176696630,1715176696621,BINANCE,BNBUSDT,585.4,9.36,585.41,0.7,585.42,0.6,585.43,2.13,585.44,3.19,585.45,4.84,585.47,0.69,585.48,1.47,585.49,2.35,585.5,0.05,585.39,8.51,585.38,0.6,585.37,0.34,585.36,5.6,585.35,26.16,585.34,2.48,585.33,25.75,585.32,0.41,585.31,9.38,585.3,14.8
1715176696675,1715176696817,BINANCE,SOLUSDT,147.51,176,147.511,129,147.512,60,147.514,1,147.516,32,147.517,26,147.518,75,147.519,53,147.52,29,147.521,11,147.509,2,147.507,2,147.506,1,147.501,3,147.5,41,147.497,68,147.495,48,147.494,1,147.493,3,147.492,26
1715176696725,1715176696817,BINANCE,ETHUSDT,3029.88,36.338,3029.92,0.501,3029.93,0.256,3029.95,66.557,3030,244.573,3030.01,0.267,3030.02,0.007,3030.03,0.422,3030.04,0.54,3030.05,0.086,3029.87,19.099,3029.86,0.008,3029.8,0.009,3029.74,0.007,3029.72,9,3029.68,0.014,3029.67,0.008,3029.66,0.056,3029.65,0.009,3029.63,6.6
1715176696888,1715176696918,BINANCE,BNBUSDT,585.4,9.36,585.41,0.01,585.42,0.6,585.43,2.13,585.44,3.19,585.45,4.84,585.46,0.93,585.47,0.69,585.48,1.47,585.49,0.75,585.39,8.51,585.38,0.6,585.37,2.87,585.36,10.6,585.35,26.16,585.34,6.74,585.33,14.9,585.32,0.41,585.31,9.38,585.3,14.8
1715176696942,1715176696934,BINANCE,SOLUSDT,147.502,28,147.504,28,147.506,34,147.507,3,147.508,39,147.509,56,147.51,71,147.511,85,147.512,61,147.513,6,147.501,36,147.499,3,147.498,3,147.496,1,147.494,39,147.493,3,147.492,35,147.491,1,147.489,10,147.488,28
1715176696997,1715176696980,BINANCE,ETHUSDT,3029.88,12.293,3029.94,0.501,3029.95,64.497,3030,225.737,3030.01,0.104,3030.02,0.007,3030.03,0.422,3030.04,0.796,3030.05,0.037,3030.06,0.56,3029.87,47.839,3029.86,0.008,3029.8,0.009,3029.74,0.17,3029.73,2.109,3029.72,13.699,3029.67,0.008,3029.66,0.007,3029.65,1.495,3029.63,10.884
1715176697143,1715176697129,BINANCE,BNBUSDT,585.37,3.36,585.38,0.6,585.39,2.45,585.4,5.9,585.41,2.52,585.42,0.6,585.43,2.13,585.44,2.4,585.45,4.92,585.47,0.69,585.36,7.45,585.34,6.78,585.33,22.86,585.32,51.27,585.31,0.72,585.3,14.75,585.29,8.68,585.28,7.6,585.27,43.55,585.26,4.8
1715176697203,1715176697189,BINANCE,SOLUSDT,147.519,3,147.521,1,147.529,4,147.53,3,147.532,7,147.536,1,147.541,5,147.542,1,147.544,7,147.545,3,147.518,256,147.517,3,147.516,31,147.514,1,147.512,147,147.511,35,147.51,16,147.509,38,147.508,90,147.507,113
1715176697249,1715176697236,BINANCE,ETHUSDT,3030,181.341,3030.01,0.104,3030.02,0.731,3030.03,0.422,3030.04,0.796,3030.05,0.037,3030.06,0.56,3030.07,0.434,3030.08,0.03,3030.09,0.008,3029.99,0.49,3029.95,0.009,3029.88,1.65,3029.87,5.355,3029.86,0.008,3029.84,0.101,3029.83,2.307,3029.81,0.02,3029.8,0.009,3029.75,1.486
1715176697389,1715176697380,BINANCE,BNBUSDT,585.37,3.48,585.38,0.6,585.39,2.45,585.4,5.44,585.41,2.52,585.42,0.6,585.43,1.44,585.44,2.4,585.45,4.23,585.47,0.69,585.36,10.9,585.34,6.78,585.33,21.15,585.32,25.87,585.31,0.72,585.3,22.98,585.29,61.25,585.28,7.6,585.27,2.49,585.26,4.8
1715176697464,1715176697449,BINANCE,SOLUSDT,147.541,11,147.543,17,147.544,35,147.553,6,147.558,3,147.559,10,147.56,11,147.561,6,147.562,1,147.564,4,147.54,132,147.538,1,147.536,101,147.535,86,147.534,3,147.532,98,147.531,9,147.53,8,147.529,30,147.528,32
1715176697504,1715176697496,BINANCE,ETHUSDT,3030,112.803,3030.01,0.104,3030.02,0.725,3030.03,0.422,3030.04,0.796,3030.05,0.037,3030.06,0.56,3030.07,0.434,3030.08,0.03,3030.09,0.057,3029.99,4.324,3029.95,0.009,3029.88,3.028,3029.87,6.27,3029.86,0.008,3029.84,4.8,3029.83,2.307,3029.81,0.02,3029.8,0.009,3029.79,2.146
1715176697652,1715176697644,BINANCE,BNBUSDT,585.48,2.62,585.5,3.15,585.51,5.15,585.52,17.84,585.54,5.7,585.55,0.66,585.56,6.85,585.57,12.73,585.58,21.78,585.6,6.78,585.47,10.94,585.46,0.6,585.45,7.99,585.44,9.79,585.43,10.26,585.42,4.36,585.41,15.08,585.4,34.68,585.39,8.28,585.38,19.08
1715176697723,1715176697716,BINANCE,SOLUSDT,147.553,6,147.556,1,147.559,1,147.56,12,147.561,6,147.562,1,147.564,1,147.566,1,147.569,2,147.57,2,147.552,96,147.551,119,147.55,136,147.548,28,147.547,86,147.546,98,147.544,28,147.542,29,147.541,141,147.54,65
1715176697752,1715176697753,BINANCE,ETHUSDT,3030.59,19.254,3030.6,1.526,3030.66,0.812,3030.68,1.931,3030.77,0.4,3030.79,2.25,3030.8,2.126,3030.85,1.65,3030.9,0.015,3030.92,6.664,3030.58,32.756,3030.5,0.085,3030.49,1.209,3030.48,7.998,3030.46,0.408,3030.45,2,3030.4,1.526,3030.34,0.245,3030.33,0.261,3030.29,6.598
1715176697905,1715176697897,BINANCE,BNBUSDT,585.48,0.76,585.5,3.15,585.51,0.07,585.52,1.3,585.53,0.81,585.54,5.7,585.55,1.35,585.56,3.07,585.57,0.43,585.58,1.5,585.47,9.45,585.46,1.29,585.45,5.99,585.44,13.22,585.43,34.71,585.42,2.04,585.41,23.21,585.4,37.53,585.39,6.84,585.38,46.38
1715176697975,1715176697963,BINANCE,SOLUSDT,147.572,1,147.584,10,147.586,3,147.588,10,147.593,1,147.594,15,147.595,12,147.596,46,147.597,73,147.598,44,147.571,92,147.57,50,147.568,1,147.566,1,147.565,3,147.564,21,147.563,10,147.562,12,147.561,10,147.56,1
1715176698007,1715176698000,BINANCE,ETHUSDT,3030.49,1.573,3030.58,1.224,3030.63,0.049,3030.66,0.007,3030.74,0.007,3030.77,0.432,3030.8,2.289,3030.82,0.007,3030.84,1.119,3030.85,1.659,3030.48,20.589,3030.4,1.535,3030.31,0.007,3030.28,0.333,3030.25,0.094,3030.24,4.131,3030.23,5.355,3030.22,2.639,3030.21,2.895,3030.2,1.526
1715176698181,1715176698173,BINANCE,BNBUSDT,585.57,0.26,585.58,0.61,585.6,0.86,585.61,0.69,585.62,0.6,585.63,0.09,585.64,7.97,585.65,0.04,585.66,1.02,585.67,1.81,585.56,31.13,585.55,19.31,585.54,15.48,585.53,8.54,585.52,49.7,585.51,39.11,585.5,28.56,585.49,20.44,585.48,72.33,585.47,14.84
1715176698234,1715176698242,BINANCE,SOLUSDT,147.596,40,147.599,50,147.6,217,147.603,1,147.605,1,147.606,8,147.607,7,147.609,3,147.61,1,147.612,6,147.595,55,147.594,3,147.592,1,147.591,102,147.59,69,147.589,86,147.588,86,147.587,55,147.586,79,147.584,1
1715176698265,1715176698264,BINANCE,ETHUSDT,3030.97,41.646,3030.98,18.023,3030.99,6.347,3031,1.526,3031.15,1.2,3031.16,0.007,3031.2,2.172,3031.24,0.007,3031.32,0.007,3031.38,9.426,3030.96,3.208,3030.92,0.015,3030.9,6.6,3030.88,2.864,3030.87,6.608,3030.86,0.086,3030.84,0.015,3030.83,0.079,3030.81,0.026,3030.8,10.011
1715176698432,1715176698419,BINANCE,BNBUSDT,585.57,5.22,585.58,0.61,585.6,0.85,585.61,0.69,585.62,0.6,585.63,0.9,585.64,0.87,585.65,1.48,585.66,1.06,585.67,11.16,585.56,19.14,585.55,4.55,585.54,24.14,585.53,8.54,585.52,21.2,585.51,13.64,585.5,28.72,585.49,19.39,585.48,17.23,585.47,12.63
1715176698493,1715176698478,BINANCE,SOLUSDT,147.587,99,147.588,32,147.589,66,147.59,67,147.592,28,147.594,9,147.595,31,147.596,45,147.599,50,147.6,220,147.586,5,147.584,1,147.582,3,147.579,10,147.578,18,147.577,3,147.576,13,147.574,1,147.572,11,147.571,3
1715176698524,1715176698511,BINANCE,ETHUSDT,3030.89,22.718,3030.95,4.193,3030.97,5.621,3030.99,2.865,3031,1.526,3031.1,0.49,3031.14,0.685,3031.15,1.2,3031.16,0.007,3031.2,1.536,3030.88,6.175,3030.87,0.079,3030.86,0.086,3030.84,0.015,3030.81,0.019,3030.8,9.928,3030.78,0.333,3030.76,2.655,3030.72,0.029,3030.71,0.009
1715176698690,1715176698678,BINANCE,BNBUSDT,585.58,0.01,585.6,0.85,585.62,0.6,585.63,0.9,585.64,0.87,585.65,0.04,585.66,1.02,585.67,1.81,585.68,8.98,585.69,1.89,585.57,23.18,585.56,15.59,585.55,12.6,585.54,24.14,585.53,8.23,585.52,21.2,585.51,13.64,585.5,28.89,585.49,19.39,585.48,72.24
1715176698746,1715176698732,BINANCE,SOLUSDT,147.596,18,147.599,50,147.6,217,147.602,1,147.603,1,147.604,2,147.605,1,147.606,8,147.608,1,147.609,7,147.595,96,147.594,3,147.593,1,147.592,1,147.591,42,147.59,11,147.589,86,147.588,95,147.587,106,147.586,55
1715176698786,1715176698775,BINANCE,ETHUSDT,3030.89,16.584,3030.95,0.484,3030.97,0.017,3030.99,1.525,3031.1,0.49,3031.16,0.007,3031.19,0.483,3031.2,1.536,3031.24,0.007,3031.25,3.19,3030.88,14.266,3030.86,0.009,3030.84,6.614,3030.83,3.339,3030.82,6.598,3030.81,0.209,3030.8,11.454,3030.78,0.333,3030.76,4.304,3030.72,0.696
1715176698974,1715176698972,BINANCE,BNBUSDT,585.6,3.02,585.61,0.69,585.62,0.6,585.63,0.09,585.64,1.46,585.65,0.85,585.66,1.02,585.67,1.82,585.68,3.32,585.69,1.89,585.59,9.29,585.58,9.62,585.57,15.08,585.56,15.39,585.55,12.6,585.54,24.14,585.53,8.23,585.52,21.2,585.51,13.64,585.5,19.63
1715176699011,1715176698998,BINANCE,SOLUSDT,147.598,65,147.599,28,147.6,223,147.602,1,147.603,1,147.605,1,147.606,11,147.607,10,147.608,1,147.61,1,147.597,38,147.595,2,147.591,42,147.59,11,147.589,85,147.588,95,147.586,11,147.584,1,147.583,3,147.582,3
1715176699066,1715176699053,BINANCE,ETHUSDT,3030.97,13.82,3031.04,11.899,3031.05,18.166,3031.07,9.625,3031.08,1.837,3031.1,1.553,3031.18,0.998,3031.2,1.646,3031.31,10.21,3031.32,0.049,3030.96,2.8,3030.92,0.015,3030.9,0.007,3030.89,0.845,3030.88,7.333,3030.86,0.009,3030.84,0.015,3030.83,3.934,3030.8,9.928,3030.78,0.705
1715176699224,1715176699222,BINANCE,BNBUSDT,585.6,3.02,585.61,0.69,585.62,0.6,585.63,1.79,585.64,1.46,585.65,0.85,585.66,1.02,585.67,1.82,585.68,3.34,585.69,0.2,585.59,1.33,585.58,0.6,585.57,0.27,585.56,6.66,585.55,12.43,585.54,24.14,585.53,8.25,585.52,21.2,585.51,13.5,585.5,19.47
1715176699265,1715176699248,BINANCE,SOLUSDT,147.592,91,147.593,12,147.595,10,147.596,29,147.599,30,147.6,226,147.601,3,147.602,1,147.603,1,147.605,1,147.591,39,147.59,1,147.589,49,147.588,345,147.584,29,147.583,3,147.582,3,147.58,1,147.579,10,147.578,18
1715176699321,1715176699305,BINANCE,ETHUSDT,3030.97,15.857,3031,10.5,3031.01,28.272,3031.1,57.958,3031.17,5.409,3031.2,1.526,3031.27,0.007,3031.31,0.08,3031.34,0.008,3031.35,0.007,3030.96,0.131,3030.95,6.598,3030.92,0.015,3030.88,7.333,3030.86,0.009,3030.85,2.781,3030.84,0.092,3030.83,3.934,3030.81,0.312,3030.8,9.928
1715176699517,1715176699502,BINANCE,SOLUSDT,147.592,59,147.595,10,147.596,1,147.599,53,147.6,223,147.603,1,147.605,1,147.606,11,147.607,3,147.608,8,147.591,31,147.59,1,147.589,53,147.588,345,147.586,1,147.584,29,147.583,3,147.582,3,147.58,1,147.579,10
1715176699526,1715176699511,BINANCE,BNBUSDT,585.6,5.36,585.62,0.6,585.63,1.79,585.64,1.46,585.65,0.85,585.66,1.02,585.67,2.51,585.68,3.34,585.69,0.2,585.7,0.69,585.59,2.13,585.58,1.29,585.57,0.27,585.56,6.66,585.55,12.43,585.54,24.14,585.53,8.76,585.52,21.2,585.51,13.5,585.5,19.14
1715176699574,1715176699558,BINANCE,ETHUSDT,3031.01,16.064,3031.09,3.537,3031.1,8.357,3031.2,1.526,3031.27,0.007,3031.34,0.008,3031.35,0.007,3031.38,0.036,3031.39,9.426,3031.4,3.776,3031,18.076,3030.96,2,3030.92,0.092,3030.88,6.133,3030.87,0.079,3030.86,0.009,3030.85,2.881,3030.84,0.015,3030.83,0.595,3030.81,39.862
1715176699775,1715176699759,BINANCE,SOLUSDT,147.589,80,147.591,61,147.592,58,147.595,10,147.596,1,147.598,9,147.599,53,147.6,223,147.601,3,147.603,1,147.588,383,147.584,1,147.583,3,147.582,3,147.58,11,147.579,10,147.578,18,147.577,3,147.576,13,147.574,1
1715176699826,1715176699926,BINANCE,ETHUSDT,3031.01,8.554,3031.08,0.55,3031.09,0.932,3031.1,0.837,3031.2,1.526,3031.27,0.007,3031.34,0.008,3031.35,0.007,3031.37,2.966,3031.38,9.426,3031,12.385,3030.96,2,3030.92,0.092,3030.89,12.891,3030.88,6.133,3030.86,0.209,3030.85,2.881,3030.84,0.015,3030.8,11.454,3030.79,0.007
1715176699865,1715176699926,BINANCE,BNBUSDT,585.6,6.25,585.61,0.69,585.62,0.6,585.63,1.79,585.64,1.46,585.65,0.85,585.66,1.02,585.67,2.51,585.68,3.34,585.69,0.2,585.59,2.11,585.58,0.6,585.57,0.27,585.56,2.28,585.55,12.43,585.54,24.14,585.53,8.76,585.52,21.2,585.51,13.5,585.5,19.14
1715176700028,1715176700022,BINANCE,SOLUSDT,147.589,47,147.592,30,147.596,1,147.597,4,147.598,2,147.599,53,147.6,212,147.603,1,147.605,1,147.606,11,147.588,473,147.586,2,147.584,1,147.583,3,147.582,3,147.58,11,147.579,10,147.578,18,147.577,3,147.576,13
1715176700092,1715176700089,BINANCE,ETHUSDT,3031.17,19.34,3031.18,8.6,3031.2,0.406,3031.21,20.592,3031.31,0.782,3031.32,2.25,3031.39,0.8,3031.4,9.822,3031.49,14.898,3031.51,2.25,3031.16,0.024,3031.13,0.285,3031.09,0.007,3031.04,0.007,3031.02,0.225,3031.01,5.792,3031,0.534,3030.96,9.102,3030.95,0.356,3030.93,0.268
1715176700201,1715176700197,BINANCE,BNBUSDT,585.6,8.94,585.61,0.69,585.62,0.6,585.63,1.79,585.64,1.46,585.65,0.85,585.66,1.02,585.67,2.51,585.68,3.34,585.69,1.05,585.59,3.26,585.58,0.6,585.57,0.27,585.56,1.21,585.55,8.05,585.54,24.14,585.53,8.76,585.52,21.2,585.51,13.5,585.5,19.14
1715176700284,1715176700285,BINANCE,SOLUSDT,147.589,122,147.591,19,147.592,47,147.594,3,147.595,3,147.597,4,147.598,53,147.599,10,147.6,215,147.601,3,147.588,451,147.587,1,147.586,2,147.584,1,147.58,11,147.579,10,147.578,18,147.577,3,147.576,13,147.574,1
1715176700344,1715176700336,BINANCE,ETHUSDT,3030.97,31.426,3031,1.526,3031.04,0.308,3031.14,3.561,3031.16,1.612,3031.2,1.826,3031.21,0.292,3031.24,0.049,3031.29,0.706,3031.3,1.007,3030.96,2.867,3030.93,0.007,3030.92,6.613,3030.91,6.598,3030.88,0.015,3030.87,0.049,3030.86,0.009,3030.85,2.881,3030.84,0.015,3030.82,0.079
1715176700477,1715176700468,BINANCE,BNBUSDT,585.57,8.38,585.58,6.5,585.59,16.13,585.6,13.65,585.61,0.69,585.62,0.6,585.63,1.79,585.64,1.46,585.65,0.85,585.66,1.02,585.56,1.13,585.55,5.8,585.54,14.26,585.53,5.92,585.52,14.69,585.51,14.58,585.5,19.14,585.49,6.76,585.48,5.6,585.46,17.68
1715176700556,1715176700547,BINANCE,SOLUSDT,147.57,108,147.571,1,147.572,28,147.574,1,147.575,1,147.577,18,147.578,10,147.579,1,147.58,38,147.582,3,147.569,30,147.565,3,147.564,4,147.562,87,147.56,1,147.559,3,147.558,3,147.557,1,147.556,10,147.555,15
1715176700598,1715176700597,BINANCE,ETHUSDT,3030.44,25.806,3030.48,0.007,3030.6,1.526,3030.61,1.619,3030.69,0.007,3030.75,0.292,3030.77,9.433,3030.8,1.526,3030.84,0.25,3030.85,2.704,3030.43,16.031,3030.41,0.007,3030.4,2.841,3030.39,0.042,3030.37,0.585,3030.36,0.015,3030.33,0.416,3030.32,2.655,3030.31,0.5,3030.3,0.007
1715176700727,1715176700727,BINANCE,BNBUSDT,585.51,11.66,585.52,9.74,585.53,8.87,585.54,3.51,585.55,4.86,585.56,16.19,585.57,7.7,585.58,2.94,585.59,9.83,585.6,10.08,585.5,1.33,585.49,1.03,585.48,0.6,585.46,1.31,585.45,1.57,585.44,4.93,585.43,21.71,585.42,7.94,585.41,56.45,585.4,38.79
1715176700814,1715176700818,BINANCE,SOLUSDT,147.545,152,147.546,92,147.547,70,147.548,29,147.549,130,147.55,11,147.551,11,147.552,144,147.553,100,147.555,3,147.544,11,147.541,75,147.537,5,147.535,3,147.534,3,147.532,1,147.531,1,147.53,10,147.529,6,147.528,64
1715176700847,1715176700848,BINANCE,ETHUSDT,3030.44,20.052,3030.48,0.007,3030.59,0.733,3030.6,0.503,3030.61,1.619,3030.64,0.2,3030.68,0.049,3030.69,0.007,3030.71,0.2,3030.75,3.214,3030.43,12.352,3030.4,0.201,3030.39,1.401,3030.36,0.015,3030.33,0.416,3030.32,0.015,3030.31,22.204,3030.29,0.032,3030.28,0.015,3030.27,1.649
1715176700989,1715176700984,BINANCE,BNBUSDT,585.51,14.01,585.52,9.74,585.53,8.87,585.54,3.51,585.55,4.86,585.56,7.53,585.57,5.85,585.58,2.94,585.59,9.83,585.6,9.62,585.5,3.02,585.49,1.03,585.48,0.6,585.47,2.28,585.46,1.31,585.45,1.57,585.44,23.64,585.43,76.72,585.42,7.94,585.41,8.18
1715176701075,1715176701072,BINANCE,SOLUSDT,147.545,43,147.547,2,147.549,29,147.55,4,147.551,1,147.552,57,147.553,58,147.555,3,147.556,28,147.557,11,147.544,51,147.542,27,147.541,78,147.54,3,147.538,1,147.537,7,147.536,28,147.535,3,147.534,3,147.532,2
1715176701101,1715176701089,BINANCE,ETHUSDT,3030.86,28.107,3030.88,0.391,3030.9,0.49,3030.93,2.257,3030.99,3.8,3031,7.353,3031.01,0.3,3031.04,4.424,3031.05,0.2,3031.09,1.656,3030.85,2.533,3030.71,0.009,3030.62,0.225,3030.6,21.122,3030.59,3.207,3030.56,0.009,3030.55,2,3030.48,4.803,3030.44,0.032,3030.43,43.585
1715176701225,1715176701250,BINANCE,BNBUSDT,585.51,7.06,585.52,6.74,585.53,6.17,585.54,3.51,585.55,6.84,585.56,7.53,585.57,3.64,585.58,2.94,585.59,9.83,585.6,9.62,585.5,3.12,585.49,1.72,585.48,0.6,585.47,15.7,585.46,25.76,585.45,23.54,585.44,57.61,585.43,21.73,585.42,7.94,585.41,1.46
1715176701336,1715176701322,BINANCE,SOLUSDT,147.545,30,147.547,2,147.551,19,147.552,29,147.553,29,147.555,3,147.556,28,147.557,1,147.558,13,147.559,1,147.544,66,147.542,27,147.541,78,147.54,3,147.538,1,147.537,5,147.536,29,147.535,3,147.534,3,147.532,2
1715176701357,1715176701344,BINANCE,ETHUSDT,3030.86,29.372,3030.9,0.49,3030.93,2.25,3030.99,3.8,3031,7.353,3031.01,0.3,3031.04,4.4,3031.05,0.2,3031.09,1.924,3031.11,2.029,3030.85,2.67,3030.71,0.009,3030.62,0.225,3030.61,4.384,3030.6,21.122,3030.59,3.207,3030.56,0.009,3030.55,2,3030.49,0.05,3030.48,0.007
1715176701454,1715176701510,BINANCE,BNBUSDT,585.51,4.75,585.52,0.57,585.53,6.17,585.54,0.57,585.55,6.84,585.56,6.78,585.57,2.5,585.58,1.8,585.59,9.83,585.6,9.62,585.5,7.71,585.49,1.72,585.48,0.6,585.47,15.7,585.46,25.76,585.45,13.2,585.44,57.77,585.43,21.73,585.42,7.94,585.41,4.24
1715176701605,1715176701597,BINANCE,SOLUSDT,147.557,1,147.559,1,147.563,1,147.567,1,147.571,1,147.573,3,147.575,1,147.577,4,147.579,5,147.58,1,147.556,216,147.555,102,147.554,78,147.553,3,147.552,31,147.551,12,147.55,11,147.549,39,147.548,42,147.547,6
1715176701617,1715176701623,BINANCE,ETHUSDT,3030.92,25.996,3030.95,26.976,3031.01,9.426,3031.07,5.128,3031.08,54.207,3031.24,1.706,3031.3,24.91,3031.31,1.744,3031.32,0.278,3031.43,10.013,3030.91,7.754,3030.88,9.433,3030.86,7.301,3030.85,4.396,3030.84,13.217,3030.83,0.007,3030.81,9.913,3030.8,1.526,3030.72,0.007,3030.71,0.009
1715176701798,1715176701803,BINANCE,BNBUSDT,585.51,9.86,585.52,1.26,585.54,0.42,585.55,2.13,585.56,6.78,585.57,0.7,585.58,1.26,585.59,8.67,585.6,9.17,585.61,0.69,585.5,3.18,585.49,1.03,585.48,0.6,585.47,2.28,585.46,1.31,585.45,1.57,585.44,13.15,585.43,76.72,585.42,7.94,585.41,4.24
1715176701865,1715176701853,BINANCE,SOLUSDT,147.561,178,147.562,17,147.563,2,147.564,60,147.565,54,147.566,55,147.567,45,147.568,29,147.57,35,147.571,14,147.56,12,147.553,3,147.552,3,147.551,1,147.55,4,147.547,4,147.546,4,147.544,13,147.543,49,147.542,69
1715176701874,1715176701860,BINANCE,ETHUSDT,3030.41,15.977,3030.48,0.007,3030.53,1.022,3030.58,0.007,3030.64,16.575,3030.69,0.261,3030.74,0.864,3030.81,0.05,3030.82,18.852,3030.85,8.74,3030.4,49.297,3030.38,1.22,3030.36,2.655,3030.33,0.014,3030.32,0.015,3030.31,0.5,3030.3,0.007,3030.29,0.178,3030.28,0.015,3030.27,1.649
1715176702062,1715176702049,BINANCE,BNBUSDT,585.51,9.89,585.52,0.57,585.54,0.42,585.55,3.92,585.56,6.78,585.57,0.7,585.58,1.26,585.59,8.59,585.6,9.17,585.61,0.69,585.5,3.18,585.49,1.72,585.48,0.6,585.46,1.31,585.45,1.57,585.44,9.87,585.43,21.69,585.42,62.97,585.41,4.24,585.4,8.4
1715176702124,1715176702117,BINANCE,SOLUSDT,147.577,1,147.58,5,147.584,1,147.585,2,147.587,4,147.588,2,147.589,24,147.592,20,147.596,10,147.597,3,147.576,24,147.574,24,147.573,30,147.572,106,147.571,24,147.57,30,147.569,40,147.568,42,147.565,132,147.564,159
1715176702141,1715176702138,BINANCE,ETHUSDT,3030.67,1.604,3030.74,0.007,3030.81,1.327,3030.82,0.007,3030.85,2.206,3030.86,16.575,3030.88,0.007,3030.9,0.021,3030.98,0.007,3031.01,0.024,3030.66,75.548,3030.65,0.007,3030.63,10.389,3030.62,7.419,3030.6,1.526,3030.54,4,3030.52,4,3030.51,6.154,3030.48,0.007,3030.47,1.258
1715176702301,1715176702310,BINANCE,BNBUSDT,585.51,4.65,585.55,1.79,585.56,6.78,585.57,0.7,585.58,1.26,585.59,8.59,585.6,9.17,585.61,0.69,585.62,3.41,585.63,10.69,585.5,16.37,585.49,1.72,585.48,0.6,585.47,27.05,585.46,51.16,585.45,1.57,585.44,27.42,585.43,76.83,585.42,7.94,585.41,4.24
1715176702377,1715176702361,BINANCE,SOLUSDT,147.584,1,147.588,28,147.589,24,147.591,1,147.592,20,147.594,1,147.595,1,147.597,2,147.598,66,147.6,208,147.579,131,147.577,88,147.576,87,147.575,1,147.574,1,147.573,14,147.572,28,147.571,4,147.57,3,147.568,1
1715176702400,1715176702383,BINANCE,ETHUSDT,3031.01,4.196,3031.02,2.987,3031.03,1.981,3031.06,0.007,3031.07,0.041,3031.08,1.979,3031.09,0.007,3031.14,0.007,3031.17,0.1,3031.2,1.021,3031,33.165,3030.87,0.256,3030.86,0.009,3030.85,2,3030.83,2.007,3030.82,2,3030.81,7.008,3030.8,2.726,3030.75,0.007,3030.73,2
1715176702627,1715176702623,BINANCE,SOLUSDT,147.584,49,147.588,28,147.589,24,147.591,1,147.592,20,147.594,1,147.595,1,147.597,10,147.598,66,147.6,217,147.583,126,147.582,3,147.581,1,147.58,115,147.579,86,147.577,87,147.576,87,147.575,1,147.574,1,147.573,10
1715176702625,1715176702625,BINANCE,BNBUSDT,585.51,6.96,585.52,0.57,585.55,2.48,585.56,6.78,585.57,0.72,585.58,1.26,585.59,8.59,585.6,9.17,585.61,0.69,585.62,3.41,585.5,16.37,585.49,1.72,585.48,0.6,585.47,8.4,585.46,25.76,585.45,1.57,585.44,8.62,585.43,97.43,585.42,7.94,585.41,4.24
1715176702663,1715176702660,BINANCE,ETHUSDT,3031.01,6.53,3031.02,0.1,3031.07,0.041,3031.09,0.007,3031.14,0.007,3031.19,0.998,3031.2,0.023,3031.22,0.007,3031.23,1.989,3031.26,5.119,3031,34.099,3030.87,0.256,3030.86,0.009,3030.83,0.007,3030.81,3.208,3030.8,2.726,3030.75,0.007,3030.74,0.263,3030.73,2,3030.71,0.009
1715176702891,1715176702886,BINANCE,SOLUSDT,147.592,65,147.594,1,147.595,1,147.598,65,147.6,214,147.601,5,147.603,1,147.604,9,147.605,1,147.606,8,147.591,101,147.59,72,147.589,4,147.588,79,147.586,1,147.585,40,147.584,88,147.583,60,147.582,3,147.58,1
1715176702846,1715176702888,BINANCE,BNBUSDT,585.51,6.75,585.52,4.82,585.55,1.79,585.56,6.78,585.57,0.72,585.58,1.26,585.59,8.59,585.6,9.17,585.61,0.69,585.62,3.41,585.5,16.47,585.49,1.72,585.48,0.6,585.47,13.4,585.46,25.76,585.45,1.57,585.44,26.93,585.43,76.83,585.42,7.94,585.41,4.24
1715176702921,1715176702906,BINANCE,ETHUSDT,3031.01,7.476,3031.02,0.1,3031.07,0.041,3031.09,0.007,3031.14,0.007,3031.19,0.998,3031.2,0.023,3031.21,0.292,3031.22,0.007,3031.23,1.989,3031,74.348,3030.87,0.256,3030.86,0.009,3030.83,0.007,3030.81,3.208,3030.8,2.726,3030.76,2,3030.75,0.007,3030.74,0.263,3030.73,2
1715176703190,1715176703174,BINANCE,SOLUSDT,147.592,27,147.595,1,147.598,65,147.6,220,147.603,2,147.604,12,147.605,1,147.606,8,147.607,3,147.608,3,147.591,117,147.59,62,147.589,4,147.588,78,147.587,1,147.586,1,147.585,40,147.584,88,147.583,60,147.582,3
1715176703202,1715176703185,BINANCE,ETHUSDT,3031.01,8.474,3031.02,0.1,3031.07,0.041,3031.09,0.007,3031.14,0.007,3031.19,0.998,3031.2,0.023,3031.21,0.292,3031.22,0.007,3031.23,1.989,3031,68.657,3030.93,2.566,3030.87,0.256,3030.86,0.009,3030.85,0.049,3030.83,0.007,3030.81,3.208,3030.8,2.726,3030.76,0.009,3030.75,0.007
1715176703225,1715176703212,BINANCE,BNBUSDT,585.51,6.72,585.52,4.82,585.55,2.48,585.56,6.78,585.57,0.72,585.58,1.26,585.59,8.59,585.6,9.17,585.61,0.69,585.62,3.41,585.5,30.13,585.49,0.69,585.48,0.6,585.47,8.4,585.46,25.76,585.45,1.57,585.44,26.93,585.43,63.17,585.42,2.04,585.41,4.24
1715176703443,1715176703429,BINANCE,SOLUSDT,147.613,181,147.614,92,147.616,29,147.619,113,147.62,142,147.621,127,147.622,122,147.623,2,147.624,30,147.627,14,147.612,1,147.607,1,147.601,3,147.6,3,147.598,1,147.597,2,147.596,3,147.595,31,147.594,54,147.592,49
1715176703484,1715176703474,BINANCE,BNBUSDT,585.51,6.26,585.52,4.82,585.56,6.78,585.57,0.72,585.58,1.26,585.59,6.17,585.6,9.17,585.61,0.69,585.62,3.48,585.63,10.69,585.5,30.12,585.49,0.69,585.48,0.6,585.47,8.4,585.46,25.76,585.45,1.57,585.44,62.22,585.43,26.79,585.42,2.04,585.41,4.24
1715176703480,1715176703474,BINANCE,ETHUSDT,3031.31,34.703,3031.33,17.846,3031.35,1.218,3031.41,0.864,3031.44,0.782,3031.45,1.218,3031.47,0.042,3031.51,3.097,3031.52,1.474,3031.6,0.524,3031.3,24.759,3031.27,0.239,3031.22,0.084,3031.19,0.007,3031.17,0.049,3031.16,0.009,3031.12,2,3031.11,0.007,3031.09,0.031,3031.07,0.094
1715176703696,1715176703687,BINANCE,SOLUSDT,147.613,41,147.614,11,147.618,15,147.62,17,147.621,15,147.623,1,147.627,4,147.629,10,147.63,15,147.631,17,147.612,123,147.611,1,147.61,1,147.608,3,147.607,4,147.605,10,147.604,4,147.601,4,147.6,3,147.598,11
1715176703737,1715176703879,BINANCE,ETHUSDT,3031.49,79.265,3031.55,0.864,3031.65,1.979,3031.66,17.113,3031.67,1.199,3031.7,0.007,3031.76,10.013,3031.79,1.665,3031.8,0.017,3031.82,1.401,3031.48,2.515,3031.46,0.009,3031.41,0.007,3031.34,0.049,3031.32,20.386,3031.31,0.009,3031.3,4.921,3031.27,0.007,3031.26,13.217,3031.25,0.106
1715176703744,1715176703880,BINANCE,BNBUSDT,585.57,2.02,585.58,0.57,585.59,6.57,585.6,7.37,585.61,0.69,585.62,0.6,585.63,1.74,585.64,1.46,585.65,0.04,585.66,1.02,585.56,23.16,585.55,11.06,585.54,2.34,585.53,0.75,585.52,26.26,585.51,32.42,585.5,22.33,585.49,11.8,585.48,55.63,585.47,0.02
1715176703945,1715176703982,BINANCE,SOLUSDT,147.613,83,147.614,11,147.616,29,147.618,15,147.619,1,147.62,17,147.621,15,147.622,1,147.623,1,147.625,3,147.612,5,147.608,3,147.607,4,147.604,13,147.603,10,147.601,4,147.6,3,147.598,1,147.597,3,147.596,3
1715176703990,1715176703983,BINANCE,ETHUSDT,3031.26,68.341,3031.31,0.998,3031.5,0.007,3031.61,0.1,3031.62,4.61,3031.63,9.424,3031.65,0.263,3031.66,0.084,3031.69,0.225,3031.7,0.007,3031.25,4.487,3031.2,1.38,3031.16,0.009,3031.12,2,3031.11,0.007,3031.09,3.181,3031.04,0.007,3031.03,0.007,3031.02,2.733,3031.01,0.234
1715176704000,1715176703985,BINANCE,BNBUSDT,585.57,5.11,585.58,1.26,585.59,6.57,585.6,7.37,585.61,0.69,585.62,0.6,585.63,1.74,585.64,1.46,585.65,0.04,585.66,1.02,585.56,13.98,585.55,8.18,585.54,2.34,585.52,26.26,585.51,38.15,585.5,18.68,585.49,0.75,585.48,0.6,585.47,0.02,585.46,15.44
1715176704218,1715176704204,BINANCE,SOLUSDT,147.613,35,147.614,11,147.618,15,147.619,1,147.62,17,147.621,15,147.622,1,147.623,1,147.626,20,147.627,4,147.612,72,147.61,1,147.608,3,147.607,4,147.605,10,147.604,4,147.601,14,147.6,3,147.599,1,147.598,1
1715176704252,1715176704238,BINANCE,ETHUSDT,3031.26,46.312,3031.5,0.007,3031.61,0.009,3031.62,4.61,3031.63,9.424,3031.65,0.263,3031.69,0.225,3031.7,0.007,3031.72,0.261,3031.73,0.565,3031.25,36.027,3031.23,0.11,3031.22,0.008,3031.2,2.906,3031.16,0.009,3031.12,2,3031.11,0.007,3031.09,3.181,3031.04,0.007,3031.03,0.007
1715176704257,1715176704240,BINANCE,BNBUSDT,585.57,3.82,585.58,0.57,585.59,2.4,585.6,5.25,585.62,0.6,585.63,1.74,585.64,1.48,585.65,0.04,585.66,1.02,585.67,2.51,585.56,14.48,585.55,8.18,585.54,2.34,585.52,26.26,585.51,38.15,585.5,18.68,585.49,0.75,585.48,55.63,585.47,11.88,585.46,1.31
1715176704476,1715176704462,BINANCE,SOLUSDT,147.613,48,147.614,11,147.616,28,147.618,15,147.619,1,147.62,17,147.621,15,147.622,1,147.623,1,147.625,10,147.612,81,147.61,1,147.608,3,147.607,4,147.606,1,147.604,14,147.603,1,147.601,14,147.6,3,147.599,1
1715176704506,1715176704491,BINANCE,ETHUSDT,3031.26,64.288,3031.5,0.007,3031.61,0.009,3031.62,4.61,3031.63,9.424,3031.65,0.263,3031.69,0.125,3031.7,0.007,3031.72,0.261,3031.73,0.565,3031.25,30.377,3031.23,0.11,3031.22,0.008,3031.2,2.906,3031.16,0.009,3031.12,2,3031.11,0.007,3031.1,4.5,3031.09,3.288,3031.05,219.371
1715176704519,1715176704506,BINANCE,BNBUSDT,585.57,0.82,585.58,0.57,585.59,2.4,585.6,5.25,585.61,3.25,585.62,0.6,585.63,1.74,585.64,1.48,585.65,0.04,585.66,1.02,585.56,14.41,585.55,8.18,585.54,2.34,585.53,5.85,585.52,28.58,585.51,31.97,585.5,18.68,585.49,16.87,585.48,55.55,585.47,0.02
1715176704744,1715176704734,BINANCE,SOLUSDT,147.613,52,147.614,11,147.616,29,147.618,15,147.619,1,147.62,17,147.621,15,147.622,1,147.623,1,147.624,5,147.612,10,147.608,3,147.607,4,147.606,1,147.604,4,147.603,1,147.601,4,147.6,3,147.599,1,147.598,1
1715176704768,1715176704756,BINANCE,ETHUSDT,3031.26,23.994,3031.5,0.007,3031.6,0.049,3031.61,0.009,3031.62,4.61,3031.63,9.424,3031.65,0.263,3031.7,0.007,3031.72,0.261,3031.73,0.565,3031.25,28.292,3031.23,0.11,3031.22,0.008,3031.2,2.906,3031.16,0.009,3031.13,0.049,3031.12,2,3031.11,219.378,3031.1,14.758,3031.09,3.181
1715176704796,1715176704784,BINANCE,BNBUSDT,585.57,3.9,585.58,0.57,585.59,2.4,585.6,5.25,585.61,3.25,585.62,0.6,585.63,1.74,585.64,1.48,585.65,0.04,585.66,1.02,585.56,15.05,585.55,8.18,585.54,2.34,585.52,28.58,585.51,31.89,585.5,18.68,585.49,69.5,585.48,0.6,585.47,0.02,585.46,1.31
1715176705012,1715176704999,BINANCE,SOLUSDT,147.62,86,147.621,15,147.627,4,147.628,38,147.629,10,147.63,15,147.631,4,147.632,20,147.634,10,147.635,1,147.619,89,147.618,1,147.617,60,147.616,97,147.615,9,147.614,56,147.613,69,147.612,64,147.611,2,147.61,1
1715176705028,1715176705018,BINANCE,ETHUSDT,3031.71,5.719,3031.83,2,3031.87,2.322,3031.9,0.016,3031.92,0.02,3031.93,1.865,3031.94,6.096,3031.95,39.892,3031.96,0.015,3031.98,0.031,3031.7,26.621,3031.69,8.763,3031.64,0.256,3031.62,0.009,3031.61,1.2,3031.6,16.036,3031.56,0.079,3031.52,0.056,3031.51,44.7,3031.5,21.117
1715176705074,1715176705073,BINANCE,BNBUSDT,585.61,1.63,585.62,4.74,585.63,5.03,585.64,0.57,585.65,1.8,585.66,4.75,585.67,8.67,585.68,3.89,585.69,0.24,585.7,0.69,585.6,2,585.59,8.88,585.58,15.82,585.57,22.05,585.56,14.97,585.55,0.69,585.54,2.36,585.53,55.45,585.52,12.92,585.51,11.18
1715176705270,1715176705257,BINANCE,SOLUSDT,147.62,72,147.621,15,147.627,21,147.63,1,147.631,11,147.632,17,147.633,2,147.634,10,147.635,1,147.636,2,147.619,42,147.616,30,147.615,3,147.614,29,147.613,41,147.612,60,147.611,2,147.61,1,147.608,31,147.607,4
1715176705289,1715176705283,BINANCE,ETHUSDT,3031.71,46.678,3031.87,2.322,3031.9,0.016,3031.92,0.02,3031.93,1.865,3031.94,6.096,3031.95,39.892,3031.96,0.015,3031.98,0.031,3031.99,9.338,3031.7,48.579,3031.69,215.009,3031.65,0.078,3031.62,0.116,3031.61,40.793,3031.6,16.036,3031.55,29.448,3031.52,0.225,3031.5,0.014,3031.49,4
1715176705327,1715176705315,BINANCE,BNBUSDT,585.62,2.68,585.63,1.81,585.64,1.26,585.65,1.8,585.66,7.1,585.67,8.67,585.68,3.89,585.69,0.23,585.7,5.81,585.71,0.02,585.61,11.73,585.6,6.02,585.59,5.28,585.58,7.77,585.57,11.09,585.56,14.24,585.55,0.69,585.54,19.68,585.53,55.43,585.52,4.95
1715176705529,1715176705529,BINANCE,SOLUSDT,147.618,123,147.619,123,147.62,106,147.621,15,147.622,1,147.623,1,147.624,3,147.625,3,147.626,20,147.627,15,147.617,1,147.615,1,147.613,1,147.612,5,147.611,2,147.607,1,147.606,1,147.604,4,147.603,13,147.602,61
1715176705549,1715176705536,BINANCE,ETHUSDT,3031.61,72.071,3031.69,2.886,3031.7,16.029,3031.71,36.178,3031.86,0.299,3031.87,2,3031.9,0.016,3031.92,0.22,3031.93,1.865,3031.94,6.096,3031.6,20.145,3031.56,0.015,3031.52,0.064,3031.5,0.014,3031.49,0.061,3031.48,0.015,3031.46,0.018,3031.44,0.015,3031.43,0.007,3031.41,6.889
1715176705578,1715176705564,BINANCE,BNBUSDT,585.61,23.45,585.62,6.72,585.63,1.8,585.64,1.26,585.65,1.8,585.66,7.1,585.67,8.67,585.68,3.89,585.69,0.23,585.7,0.69,585.6,0.98,585.59,0.77,585.57,4.54,585.56,14.23,585.55,0.76,585.54,2.36,585.53,69.75,585.52,4.95,585.51,11.18,585.5,10.44
1715176705779,1715176705769,BINANCE,SOLUSDT,147.613,131,147.614,96,147.615,57,147.616,116,147.618,146,147.619,95,147.62,98,147.621,15,147.622,1,147.623,1,147.612,19,147.611,1,147.61,1,147.608,3,147.607,3,147.605,10,147.604,3,147.603,2,147.601,4,147.6,26
1715176705799,1715176705788,BINANCE,ETHUSDT,3031.61,83.27,3031.7,2.007,3031.71,1.111,3031.72,0.049,3031.86,0.299,3031.87,2,3031.9,0.016,3031.91,0.27,3031.92,0.22,3031.93,1.865,3031.6,5.659,3031.56,0.015,3031.52,0.064,3031.5,0.014,3031.49,0.061,3031.48,0.015,3031.46,0.018,3031.44,0.015,3031.43,1.407,3031.41,6.628
1715176705838,1715176705826,BINANCE,BNBUSDT,585.61,22.84,585.62,6.72,585.63,1.8,585.64,1.26,585.65,1.8,585.66,7.1,585.67,8.67,585.68,9.01,585.69,0.23,585.7,0.69,585.6,0.97,585.59,0.77,585.58,0.57,585.57,4.54,585.56,16.51,585.55,0.76,585.54,14.13,585.53,0.51,585.52,4.95,585.51,11.18
1715176706049,1715176706045,BINANCE,SOLUSDT,147.592,151,147.593,56,147.594,110,147.595,84,147.596,117,147.597,94,147.598,1,147.599,1,147.6,31,147.601,3,147.591,14,147.588,3,147.587,25,147.586,68,147.583,4,147.582,1,147.581,1,147.58,2,147.579,27,147.578,2
1715176706089,1715176706077,BINANCE,BNBUSDT,585.57,15.93,585.58,2.89,585.59,7.33,585.6,9.76,585.61,7.3,585.62,7.93,585.63,1.84,585.64,1.26,585.65,1.8,585.66,7.1,585.56,13.66,585.55,0.07,585.54,12.36,585.53,0.51,585.52,0.69,585.51,11.18,585.5,0.59,585.49,55.7,585.48,0.6,585.46,7.49
1715176706107,1715176706100,BINANCE,ETHUSDT,3031.63,60.008,3031.65,1.2,3031.68,0.384,3031.73,13.782,3031.74,7.016,3031.89,0.954,3031.9,1.2,3031.95,2.763,3031.96,1.215,3031.97,0.263,3031.62,1.333,3031.6,5.651,3031.56,0.015,3031.52,0.064,3031.5,0.014,3031.49,0.061,3031.48,0.015,3031.47,0.092,3031.46,0.018,3031.44,0.015
1715176706311,1715176706301,BINANCE,SOLUSDT,147.59,55,147.591,84,147.592,160,147.593,56,147.594,97,147.595,110,147.596,115,147.597,94,147.598,1,147.599,1,147.589,5,147.588,2,147.587,25,147.586,68,147.583,1,147.582,1,147.579,25,147.578,2,147.577,3,147.575,2
1715176706342,1715176706329,BINANCE,BNBUSDT,585.57,14.56,585.58,1.45,585.59,5.89,585.6,9.76,585.61,7.29,585.62,7.93,585.63,1.84,585.64,1.26,585.65,1.8,585.66,7.1,585.56,4.09,585.55,0.07,585.54,6.86,585.53,13.66,585.52,1.26,585.51,5.02,585.5,1.1,585.49,15.59,585.48,0.6,585.47,54.92
1715176706360,1715176706345,BINANCE,ETHUSDT,3031.61,33.688,3031.63,0.782,3031.7,0.007,3031.73,2.176,3031.74,7.016,3031.9,1.2,3031.91,0.009,3031.95,0.261,3031.96,1.215,3031.97,0.272,3031.6,11.025,3031.56,0.015,3031.52,0.064,3031.5,0.014,3031.49,0.061,3031.48,0.015,3031.47,0.092,3031.46,0.018,3031.44,0.015,3031.43,0.007
1715176706582,1715176706579,BINANCE,SOLUSDT,147.565,80,147.568,38,147.57,1,147.571,3,147.574,4,147.575,21,147.576,28,147.577,3,147.583,42,147.584,3,147.564,13,147.563,15,147.562,11,147.561,3,147.56,35,147.559,1,147.558,14,147.555,15,147.554,66,147.553,4
1715176706595,1715176706592,BINANCE,BNBUSDT,585.53,1.44,585.54,13.27,585.55,18.89,585.56,16.14,585.57,11.26,585.58,1.45,585.59,8.49,585.6,9.76,585.61,7.97,585.62,7.93,585.51,0.02,585.5,14.76,585.49,0.78,585.48,0.6,585.47,5.86,585.46,24.96,585.45,18.71,585.44,64.62,585.43,25.28,585.42,1.44
1715176706621,1715176706619,BINANCE,ETHUSDT,3031.29,49.917,3031.32,0.782,3031.39,1.812,3031.4,5.816,3031.46,0.007,3031.5,0.46,3031.58,0.038,3031.61,4.182,3031.62,0.261,3031.67,0.261,3031.28,0.347,3031.27,0.007,3031.25,3.758,3031.24,0.015,3031.23,3.341,3031.22,0.008,3031.21,1.3,3031.2,0.34,3031.18,1.253,3031.16,0.024
1715176706828,1715176706823,BINANCE,SOLUSDT,147.563,96,147.564,122,147.565,59,147.566,1,147.567,16,147.568,31,147.57,1,147.571,4,147.572,3,147.573,3,147.562,13,147.56,2,147.556,32,147.554,66,147.553,3,147.552,8,147.551,1,147.55,7,147.547,14,147.546,32
1715176706847,1715176706850,BINANCE,BNBUSDT,585.51,13.18,585.52,5.37,585.53,5.92,585.54,2.01,585.55,18.41,585.56,17.22,585.57,8.12,585.58,1.45,585.59,8.5,585.6,8.42,585.5,2.81,585.49,0.68,585.48,0.57,585.46,106.07,585.45,1.57,585.44,20.72,585.43,25.28,585.42,21.83,585.4,9.08,585.39,10.68
1715176706881,1715176706876,BINANCE,ETHUSDT,3030.96,23.119,3031.09,0.014,3031.13,0.007,3031.16,0.681,3031.19,0.048,3031.2,0.135,3031.21,0.007,3031.22,0.007,3031.24,0.215,3031.26,2.996,3030.95,14.528,3030.94,0.014,3030.93,2.566,3030.92,0.078,3030.89,0.062,3030.88,0.026,3030.86,1.384,3030.85,0.022,3030.83,0.007,3030.82,2.392
1715176707093,1715176707087,BINANCE,SOLUSDT,147.567,4,147.571,1,147.575,1,147.58,2,147.581,2,147.583,4,147.584,3,147.586,26,147.587,34,147.588,13,147.566,183,147.565,3,147.564,48,147.563,39,147.562,59,147.56,34,147.559,4,147.558,1,147.557,10,147.556,32
1715176707102,1715176707094,BINANCE,BNBUSDT,585.51,0.18,585.54,0.57,585.56,10.03,585.57,8.74,585.58,1.45,585.59,5.9,585.6,8.42,585.61,6.21,585.62,3.78,585.63,1.84,585.5,9.01,585.49,0.68,585.48,12.27,585.47,54.91,585.46,1.31,585.45,1.57,585.44,5.99,585.43,8.14,585.42,11.53,585.41,42.56
1715176707138,1715176707130,BINANCE,ETHUSDT,3031.42,4.069,3031.45,4.008,3031.52,29.171,3031.58,0.864,3031.61,3.663,3031.65,43.108,3031.66,13.488,3031.67,16.075,3031.68,17.41,3031.71,3.216,3031.41,9.897,3031.4,2.015,3031.36,0.022,3031.32,0.015,3031.31,0.261,3031.29,0.093,3031.28,4.842,3031.27,1.814,3031.26,2,3031.25,10.865
1715176707344,1715176707341,BINANCE,SOLUSDT,147.587,112,147.588,31,147.589,26,147.59,49,147.592,4,147.594,11,147.595,3,147.596,4,147.597,12,147.598,1,147.586,111,147.584,22,147.582,1,147.58,27,147.579,55,147.575,1,147.573,18,147.572,10,147.571,1,147.57,1
1715176707364,1715176707365,BINANCE,BNBUSDT,585.59,2.54,585.6,6.66,585.61,6.19,585.62,3.78,585.63,1.8,585.64,6.35,585.65,1.8,585.66,0.57,585.67,4.49,585.68,3.89,585.58,2.72,585.57,0.68,585.56,0.57,585.55,15.98,585.54,27.45,585.53,9.25,585.52,0.86,585.51,10.15,585.5,12.97,585.49,0.75
1715176707389,1715176707378,BINANCE,ETHUSDT,3031.26,18.656,3031.27,1.747,3031.41,1.07,3031.42,3.267,3031.43,0.007,3031.45,0.2,3031.51,0.007,3031.58,11.124,3031.59,0.007,3031.61,0.009,3031.25,11.365,3031.24,0.015,3031.2,0.195,3031.18,0.082,3031.16,0.294,3031.14,2.307,3031.12,0.015,3031.11,18.787,3031.1,0.077,3031.09,0.007
1715176707605,1715176707590,BINANCE,SOLUSDT,147.571,1,147.575,1,147.579,74,147.58,94,147.582,10,147.583,4,147.584,31,147.585,25,147.586,11,147.587,51,147.57,80,147.568,19,147.567,10,147.566,11,147.565,3,147.564,3,147.563,1,147.562,3,147.56,5,147.559,4
1715176707622,1715176707612,BINANCE,BNBUSDT,585.56,7.18,585.58,2,585.59,6.86,585.6,8.33,585.61,16.43,585.62,2.57,585.63,8.79,585.64,6.38,585.65,4.94,585.66,0.57,585.55,3.09,585.54,2.57,585.53,0.68,585.52,3.3,585.51,10.16,585.5,4.79,585.49,1.6,585.48,0.57,585.47,12.2,585.46,31.71
1715176707643,1715176707644,BINANCE,ETHUSDT,3031.04,11.794,3031.05,1.747,3031.08,2,3031.25,6.115,3031.26,0.025,3031.38,0.209,3031.42,0.067,3031.43,0.007,3031.45,0.209,3031.5,0.112,3031.03,18.07,3031.02,0.057,3031.01,0.009,3031,1.526,3030.98,19.4,3030.97,39.678,3030.95,4.505,3030.94,0.014,3030.93,15.822,3030.92,2.322
1715176707860,1715176707847,BINANCE,SOLUSDT,147.561,129,147.562,29,147.563,11,147.564,31,147.565,3,147.566,1,147.567,23,147.568,151,147.57,66,147.571,14,147.56,12,147.556,29,147.554,66,147.552,7,147.551,2,147.55,6,147.548,4,147.547,4,147.546,7,147.545,2
1715176707875,1715176707864,BINANCE,BNBUSDT,585.56,9.92,585.57,0.68,585.58,2,585.59,6.86,585.6,10.98,585.61,16.43,585.62,2.57,585.63,8.75,585.64,6.38,585.65,4.94,585.55,0.61,585.51,5.15,585.5,4.59,585.49,0.92,585.48,0.58,585.47,2.8,585.46,2.16,585.45,56.54,585.44,36.17,585.43,8.14
1715176707901,1715176707885,BINANCE,ETHUSDT,3031.04,38.541,3031.05,1.747,3031.07,0.653,3031.08,2,3031.24,0.1,3031.3,0.616,3031.31,0.52,3031.34,0.108,3031.35,1.978,3031.36,1.978,3031.03,7.588,3031.02,0.057,3031.01,0.009,3030.98,11.929,3030.95,4.505,3030.94,0.014,3030.93,15.822,3030.92,2.322,3030.89,0.073,3030.88,0.015
1715176708109,1715176708106,BINANCE,SOLUSDT,147.561,156,147.562,29,147.563,1,147.564,31,147.565,3,147.566,1,147.567,23,147.568,151,147.57,64,147.571,14,147.56,4,147.556,29,147.554,66,147.552,7,147.551,2,147.55,7,147.548,5,147.547,4,147.546,7,147.545,2
1715176708132,1715176708123,BINANCE,BNBUSDT,585.56,9.92,585.57,0.68,585.58,2,585.59,6.86,585.6,10.98,585.61,11.31,585.62,2.57,585.63,7,585.64,0.59,585.65,5.62,585.55,0.61,585.52,2.3,585.51,5.15,585.5,4.59,585.49,2.12,585.48,0.6,585.47,16.59,585.46,55.59,585.45,4.98,585.44,15.31
1715176708158,1715176708143,BINANCE,ETHUSDT,3031.04,25.172,3031.05,1.747,3031.07,0.653,3031.08,2,3031.09,0.007,3031.26,0.049,3031.3,0.26,3031.31,0.52,3031.35,0.2,3031.38,2.909,3031.03,30.189,3031.01,0.009,3030.98,11.929,3030.95,4.505,3030.94,39.616,3030.93,15.822,3030.92,2.322,3030.9,219.879,3030.89,0.073,3030.88,0.072
1715176708376,1715176708361,BINANCE,SOLUSDT,147.551,54,147.555,1,147.558,10,147.559,32,147.56,134,147.561,3,147.562,1,147.563,1,147.564,3,147.565,3,147.55,144,147.548,31,147.546,7,147.545,2,147.544,4,147.543,1,147.542,94,147.541,87,147.54,16,147.539,165
1715176708376,1715176708391,BINANCE,BNBUSDT,585.56,10,585.57,0.68,585.58,2,585.59,6.86,585.6,10.98,585.61,16.43,585.62,2.57,585.63,7,585.64,5.71,585.65,5.62,585.55,2.6,585.54,0.57,585.53,0.68,585.52,2.3,585.51,5.15,585.5,4.59,585.49,2.12,585.48,0.6,585.47,2.8,585.46,81.84
1715176708416,1715176708402,BINANCE,ETHUSDT,3031.04,13.4,3031.05,1.747,3031.07,0.653,3031.08,2,3031.09,0.007,3031.26,0.049,3031.3,0.552,3031.31,0.52,3031.38,2.909,3031.39,9.425,3031.03,68.238,3031.02,0.032,3031.01,0.009,3031,1.526,3030.96,16.872,3030.95,4.505,3030.94,0.27,3030.93,16.141,3030.92,2.322,3030.9,219.879
1715176708628,1715176708624,BINANCE,SOLUSDT,147.527,17,147.528,10,147.529,56,147.531,99,147.532,68,147.533,61,147.534,47,147.535,4,147.536,213,147.537,117,147.526,47,147.525,1,147.523,22,147.522,5,147.521,72,147.52,2,147.519,3,147.518,1,147.517,1,147.514,1
1715176708666,1715176708655,BINANCE,BNBUSDT,585.49,6.7,585.5,6.08,585.51,2.48,585.53,1.97,585.54,4.17,585.55,11,585.56,7.75,585.57,0.68,585.58,5.14,585.59,4.89,585.48,2.57,585.47,0.68,585.46,0.62,585.45,13.13,585.44,1.65,585.43,10.86,585.41,31.48,585.4,29.76,585.39,65.65,585.38,13.26
1715176708676,1715176708685,BINANCE,ETHUSDT,3030.94,50.761,3030.95,0.782,3030.96,0.077,3030.97,0.014,3031,0.1,3031.01,2.502,3031.04,17.901,3031.09,0.007,3031.23,0.049,3031.25,0.179,3030.93,2.582,3030.92,0.015,3030.89,0.073,3030.88,0.015,3030.86,0.023,3030.85,39.611,3030.84,0.015,3030.83,0.021,3030.81,13.874,3030.8,0.015
1715176708880,1715176708865,BINANCE,SOLUSDT,147.527,2,147.531,1,147.532,28,147.534,2,147.535,1,147.539,1,147.54,1,147.543,11,147.544,7,147.545,1,147.526,244,147.525,70,147.524,35,147.523,10,147.522,6,147.52,4,147.519,3,147.518,8,147.517,14,147.516,31
1715176708891,1715176708904,BINANCE,BNBUSDT,585.49,3.96,585.5,0.08,585.52,2.51,585.53,0.68,585.55,7.86,585.56,6.71,585.57,0.68,585.58,5.14,585.59,4.49,585.6,4.24,585.48,8.99,585.47,0.68,585.46,3.26,585.45,83.41,585.44,1.65,585.43,10.86,585.42,10.29,585.41,31.48,585.4,8.39,585.39,10.68
1715176708929,1715176708913,BINANCE,ETHUSDT,3030.78,67.537,3030.82,1.754,3030.86,13.616,3030.9,0.503,3030.94,0.316,3030.97,0.014,3030.99,0.007,3031,0.1,3031.04,2.05,3031.06,0.049,3030.77,79.438,3030.76,3.11,3030.75,9.913,3030.74,0.056,3030.72,0.015,3030.71,0.009,3030.68,0.015,3030.67,0.021,3030.66,0.335,3030.64,0.029
1715176709134,1715176709117,BINANCE,SOLUSDT,147.532,63,147.534,2,147.535,1,147.539,1,147.54,39,147.541,3,147.543,11,147.544,10,147.545,1,147.546,1,147.531,121,147.53,1,147.529,7,147.528,103,147.527,118,147.526,151,147.525,40,147.524,31,147.523,11,147.522,4
1715176709178,1715176709166,BINANCE,BNBUSDT,585.49,3.96,585.5,0.08,585.52,2.51,585.53,0.68,585.55,8.54,585.56,6.75,585.57,0.7,585.58,5.14,585.59,4.49,585.6,4.24,585.48,9.19,585.47,0.68,585.46,20.9,585.45,7.06,585.44,56.62,585.43,10.86,585.42,10.29,585.41,31.48,585.4,8.41,585.39,11.36
1715176709189,1715176709172,BINANCE,ETHUSDT,3030.78,69.546,3030.82,1.754,3030.86,13.616,3030.9,0.503,3030.94,0.316,3030.97,0.014,3030.99,0.007,3031,1.765,3031.03,0.637,3031.04,2.05,3030.77,73.609,3030.76,3.11,3030.75,9.913,3030.74,0.056,3030.72,0.015,3030.71,0.009,3030.68,0.015,3030.67,0.021,3030.66,0.335,3030.64,0.029
1715176709392,1715176709378,BINANCE,SOLUSDT,147.527,125,147.528,135,147.529,69,147.53,58,147.531,150,147.532,142,147.534,3,147.535,4,147.536,3,147.538,10,147.526,50,147.525,57,147.523,7,147.522,85,147.52,6,147.519,4,147.518,1,147.517,1,147.516,31,147.515,1
1715176709434,1715176709422,BINANCE,BNBUSDT,585.49,1.1,585.5,0.08,585.52,2.51,585.53,0.68,585.55,8.54,585.56,6.8,585.57,0.7,585.58,5.14,585.59,5.7,585.6,4.24,585.48,9.35,585.47,0.68,585.46,15,585.45,62.03,585.44,5.17,585.43,10.86,585.42,14.73,585.41,31.48,585.4,8.41,585.39,11.36
1715176709483,1715176709478,BINANCE,ETHUSDT,3030.78,54.346,3030.82,1.754,3030.9,0.503,3030.99,0.007,3031,1.765,3031.03,0.637,3031.04,2.05,3031.06,0.049,3031.07,0.007,3031.08,0.676,3030.77,78.406,3030.76,3.11,3030.75,9.913,3030.74,0.056,3030.72,0.015,3030.71,0.009,3030.68,0.015,3030.67,0.021,3030.66,0.335,3030.64,0.029
1715176709645,1715176709631,BINANCE,SOLUSDT,147.528,31,147.531,29,147.532,106,147.534,2,147.535,4,147.536,3,147.538,10,147.539,1,147.54,3,147.541,3,147.527,92,147.526,52,147.525,47,147.524,3,147.523,10,147.522,87,147.52,6,147.519,3,147.518,2,147.517,4
1715176709713,1715176709705,BINANCE,BNBUSDT,585.49,1.15,585.52,2.51,585.53,0.68,585.55,8.54,585.56,6.72,585.57,0.7,585.58,5.14,585.59,5.7,585.6,4.24,585.61,6.19,585.48,9.31,585.47,55.97,585.46,2.96,585.45,7.06,585.44,5.17,585.43,10.86,585.42,14.73,585.41,31.48,585.4,8.41,585.39,11.36
1715176709743,1715176709731,BINANCE,ETHUSDT,3030.78,52.298,3030.82,1.754,3030.9,0.503,3030.96,0.049,3030.99,0.558,3031,1.765,3031.04,1.529,3031.07,0.007,3031.08,0.676,3031.09,1.986,3030.77,69.287,3030.76,3.112,3030.75,9.913,3030.74,0.056,3030.72,0.015,3030.71,0.009,3030.68,0.015,3030.67,0.021,3030.64,0.029,3030.63,0.057
1715176709903,1715176709889,BINANCE,SOLUSDT,147.531,38,147.532,106,147.534,2,147.535,1,147.539,1,147.541,3,147.543,1,147.544,9,147.545,1,147.546,11,147.53,127,147.529,3,147.528,32,147.527,15,147.526,52,147.525,47,147.524,3,147.523,10,147.522,87,147.52,6
1715176710008,1715176710004,BINANCE,ETHUSDT,3030.78,35.636,3030.81,0.551,3030.82,1.754,3030.9,0.503,3030.96,0.049,3030.99,0.007,3031,1.765,3031.03,3.588,3031.04,1.529,3031.07,0.007,3030.77,66.019,3030.76,0.015,3030.75,9.913,3030.74,0.056,3030.72,0.015,3030.71,0.009,3030.68,0.015,3030.67,0.021,3030.65,250.622,3030.64,0.109
1715176710004,1715176710004,BINANCE,BNBUSDT,585.49,1.15,585.52,2.51,585.53,0.68,585.55,8.54,585.56,6.72,585.57,0.7,585.58,5.14,585.59,4.49,585.6,4.24,585.61,6.19,585.48,9.31,585.47,55.97,585.46,2.96,585.45,7.06,585.44,5.17,585.43,10.86,585.42,14.73,585.41,31.48,585.4,8.41,585.39,11.36
1715176710160,1715176710149,BINANCE,SOLUSDT,147.531,25,147.532,96,147.534,2,147.535,4,147.539,1,147.54,3,147.541,3,147.543,11,147.544,9,147.545,1,147.53,141,147.528,31,147.527,15,147.526,52,147.525,47,147.524,3,147.523,11,147.522,87,147.52,6,147.519,4
1715176710277,1715176710285,BINANCE,BNBUSDT,585.49,1.19,585.51,0.68,585.53,0.68,585.54,1.7,585.55,8.54,585.56,6.72,585.57,0.7,585.58,5.14,585.59,4.49,585.6,4.24,585.48,9.4,585.47,1,585.46,2.96,585.45,15.52,585.44,81,585.43,10.86,585.42,14.73,585.41,31.48,585.4,8.41,585.39,11.36
1715176710290,1715176710287,BINANCE,ETHUSDT,3030.78,35.951,3030.81,0.551,3030.82,1.754,3030.9,0.503,3030.96,0.049,3030.99,0.007,3031,1.765,3031.03,3.588,3031.04,1.529,3031.07,0.007,3030.77,63.586,3030.76,0.015,3030.75,9.913,3030.74,0.056,3030.72,0.015,3030.71,0.009,3030.68,0.015,3030.67,0.021,3030.65,28.043,3030.64,0.109
1715176710421,1715176710416,BINANCE,SOLUSDT,147.527,168,147.528,31,147.529,75,147.53,95,147.531,44,147.532,108,147.534,3,147.535,4,147.536,3,147.538,1,147.526,51,147.525,1,147.523,7,147.522,84,147.52,3,147.519,3,147.518,1,147.517,1,147.515,1,147.514,2
1715176710543,1715176710540,BINANCE,ETHUSDT,3030.55,46.296,3030.62,1.847,3030.63,2.148,3030.65,0.007,3030.78,5.95,3030.8,0.007,3030.82,0.007,3030.85,0.009,3030.87,0.048,3030.89,0.256,3030.54,62.03,3030.52,0.015,3030.51,0.021,3030.5,4.126,3030.49,13.256,3030.48,0.022,3030.45,0.339,3030.44,5.928,3030.43,0.185,3030.42,1.649
1715176710554,1715176710543,BINANCE,BNBUSDT,585.49,10.23,585.51,0.68,585.52,0.77,585.53,0.68,585.54,1.7,585.55,8.54,585.56,6.72,585.57,0.78,585.58,5.14,585.59,4.49,585.48,8.75,585.47,0.84,585.46,0.62,585.45,27.25,585.44,56.62,585.43,10.86,585.42,10.29,585.41,31.48,585.4,7.13,585.39,11.36
1715176710678,1715176710665,BINANCE,SOLUSDT,147.527,179,147.528,3,147.529,13,147.53,94,147.531,44,147.532,108,147.534,3,147.535,4,147.536,3,147.538,1,147.526,59,147.525,1,147.524,1,147.523,40,147.522,84,147.52,3,147.519,3,147.518,2,147.517,1,147.516,31
1715176710798,1715176710782,BINANCE,ETHUSDT,3030.55,54.976,3030.62,1.847,3030.63,2.148,3030.65,0.007,3030.76,0.943,3030.78,1.102,3030.8,0.007,3030.82,0.007,3030.85,0.009,3030.87,0.304,3030.54,61.507,3030.52,0.015,3030.51,0.014,3030.5,4.126,3030.49,13.256,3030.48,0.022,3030.45,0.339,3030.44,5.928,3030.43,0.185,3030.4,3.294
1715176710795,1715176710793,BINANCE,BNBUSDT,585.49,10.23,585.51,0.68,585.52,0.77,585.53,0.68,585.54,1.7,585.55,8.54,585.56,6.72,585.57,0.78,585.58,5.14,585.59,4.49,585.48,10.14,585.47,0.17,585.46,4.68,585.45,12.92,585.44,40.47,585.43,65.83,585.42,10.29,585.41,31.48,585.4,7.13,585.39,11.36
1715176710980,1715176710964,BINANCE,SOLUSDT,147.519,152,147.52,86,147.521,59,147.522,1,147.523,14,147.524,41,147.526,157,147.527,72,147.528,31,147.529,3,147.518,57,147.517,1,147.515,34,147.514,86,147.512,6,147.511,7,147.51,2,147.508,32,147.507,8,147.506,11
1715176711047,1715176711035,BINANCE,ETHUSDT,3030.55,47.046,3030.65,0.007,3030.66,0.294,3030.7,0.097,3030.73,1.612,3030.76,0.292,3030.77,0.292,3030.78,1.088,3030.8,0.007,3030.81,16.575,3030.54,63.346,3030.52,0.015,3030.51,0.014,3030.5,0.014,3030.48,0.022,3030.45,2.917,3030.44,5.928,3030.43,0.185,3030.4,3.294,3030.39,0.021
1715176711066,1715176711054,BINANCE,BNBUSDT,585.48,2.16,585.49,7.2,585.51,0.68,585.52,0.77,585.53,0.68,585.54,1.7,585.55,8.54,585.56,6.72,585.57,0.78,585.58,7.73,585.47,11.35,585.46,0.62,585.45,4.64,585.44,5.94,585.43,6.9,585.42,65.26,585.41,14.34,585.4,2.87,585.39,11.36,585.38,3.37
1715176711232,1715176711217,BINANCE,SOLUSDT,147.519,84,147.52,32,147.521,2,147.523,4,147.524,3,147.526,29,147.527,62,147.528,3,147.529,43,147.53,1,147.518,20,147.517,1,147.515,34,147.514,87,147.511,5,147.51,2,147.508,29,147.507,8,147.506,1,147.505,40
1715176711315,1715176711299,BINANCE,ETHUSDT,3030.55,48.885,3030.65,0.007,3030.66,0.294,3030.7,0.097,3030.73,1.612,3030.76,0.292,3030.77,5.899,3030.78,1.088,3030.8,0.007,3030.81,16.575,3030.54,59.52,3030.52,0.015,3030.51,0.014,3030.5,0.014,3030.48,0.022,3030.45,4.247,3030.44,5.928,3030.43,0.185,3030.4,3.294,3030.39,0.021
1715176711322,1715176711308,BINANCE,BNBUSDT,585.48,4.44,585.49,4.48,585.51,0.68,585.52,0.77,585.53,0.68,585.54,1.7,585.55,8.54,585.56,6.72,585.57,0.78,585.58,7.73,585.47,3.21,585.46,0.62,585.45,4.64,585.44,6.65,585.43,75.63,585.42,65.26,585.41,14.34,585.4,2.87,585.39,11.36,585.38,3.37
1715176711487,1715176711486,BINANCE,SOLUSDT,147.518,1,147.519,18,147.52,1,147.521,2,147.523,1,147.527,6,147.529,40,147.53,1,147.531,26,147.532,77,147.517,80,147.516,31,147.515,34,147.514,87,147.512,3,147.511,8,147.51,102,147.508,32,147.507,8,147.506,1
1715176711567,1715176711553,BINANCE,ETHUSDT,3030.55,49.757,3030.65,0.007,3030.66,0.294,3030.7,0.097,3030.72,0.504,3030.73,1.612,3030.76,0.292,3030.77,1.158,3030.78,1.088,3030.8,0.007,3030.54,64.878,3030.52,0.015,3030.51,0.014,3030.5,0.014,3030.48,0.022,3030.45,6.993,3030.44,5.928,3030.43,0.185,3030.4,3.294,3030.39,9.07
1715176711581,1715176711571,BINANCE,BNBUSDT,585.48,5.97,585.49,5.69,585.51,0.68,585.52,0.77,585.53,3.58,585.54,10.72,585.55,8.54,585.56,6.72,585.57,0.78,585.58,7.73,585.47,1.29,585.46,0.02,585.45,3.96,585.44,9.68,585.43,6.9,585.42,4.69,585.41,14.34,585.4,2.87,585.39,30.29,585.38,3.37
1715176711757,1715176711752,BINANCE,SOLUSDT,147.515,98,147.516,125,147.517,87,147.518,60,147.519,19,147.52,32,147.521,2,147.522,1,147.523,4,147.524,3,147.514,1,147.511,4,147.51,1,147.508,1,147.507,8,147.505,37,147.504,51,147.503,242,147.502,1,147.5,807
1715176711831,1715176711954,BINANCE,ETHUSDT,3030.55,49.137,3030.65,0.007,3030.66,0.294,3030.7,0.097,3030.72,0.504,3030.73,1.612,3030.76,0.292,3030.77,1.158,3030.78,1.088,3030.8,0.189,3030.54,58.26,3030.52,0.015,3030.51,0.014,3030.5,0.014,3030.48,0.022,3030.45,4.247,3030.44,5.928,3030.43,0.185,3030.4,3.294,3030.39,0.07
1715176711841,1715176711954,BINANCE,BNBUSDT,585.48,5.97,585.49,5.69,585.51,0.68,585.52,0.77,585.53,3.58,585.54,10.72,585.55,8.54,585.56,6.72,585.57,0.78,585.58,7.73,585.47,1.29,585.46,0.56,585.45,4.64,585.44,6.65,585.43,78.03,585.42,4.69,585.41,14.34,585.4,2.87,585.39,11.36,585.38,9.85
1715176712042,1715176712055,BINANCE,SOLUSDT,147.515,105,147.516,125,147.517,87,147.518,56,147.519,19,147.52,31,147.521,2,147.522,1,147.523,4,147.524,3,147.514,5,147.511,4,147.51,1,147.508,1,147.507,8,147.505,37,147.504,51,147.503,242,147.502,2,147.5,807
1715176712117,1715176712100,BINANCE,BNBUSDT,585.48,5.97,585.49,5.69,585.51,0.68,585.52,0.77,585.53,3.58,585.54,10.72,585.55,8.54,585.56,6.72,585.57,5.78,585.58,7.73,585.47,1.29,585.46,0.56,585.45,4.64,585.44,6.65,585.43,78.03,585.42,4.69,585.41,14.34,585.4,2.87,585.39,11.36,585.38,9.85
1715176712116,1715176712157,BINANCE,ETHUSDT,3030.55,50.389,3030.65,0.007,3030.66,0.294,3030.7,0.097,3030.72,0.504,3030.73,1.612,3030.74,0.3,3030.76,0.292,3030.77,1.158,3030.78,1.088,3030.54,57.033,3030.52,0.015,3030.51,0.014,3030.5,0.014,3030.48,0.022,3030.45,4.247,3030.44,5.928,3030.43,0.185,3030.4,3.294,3030.39,0.07
1715176712335,1715176712334,BINANCE,SOLUSDT,147.531,92,147.532,80,147.533,1,147.534,2,147.535,4,147.536,3,147.538,1,147.539,4,147.54,3,147.541,3,147.53,54,147.529,19,147.528,10,147.526,2,147.524,5,147.523,117,147.522,29,147.521,38,147.52,64,147.519,1
1715176712382,1715176712364,BINANCE,ETHUSDT,3030.55,49.331,3030.65,0.007,3030.66,0.294,3030.7,0.097,3030.72,0.504,3030.73,1.612,3030.74,0.3,3030.75,0.2,3030.76,0.292,3030.77,1.158,3030.54,56.686,3030.52,0.015,3030.51,0.014,3030.5,0.014,3030.48,0.022,3030.45,4.247,3030.44,5.928,3030.43,0.185,3030.4,3.294,3030.39,0.07
1715176712397,1715176712395,BINANCE,BNBUSDT,585.48,9.15,585.49,5.01,585.51,0.68,585.52,0.77,585.53,3.58,585.54,10.72,585.55,9.56,585.56,6.72,585.57,0.78,585.58,7.73,585.47,7.62,585.46,0.56,585.45,4.64,585.44,12.45,585.43,23.01,585.42,59.72,585.41,14.34,585.4,2.87,585.39,11.36,585.38,9.85
1715176712591,1715176712587,BINANCE,SOLUSDT,147.531,32,147.532,77,147.533,1,147.534,2,147.535,4,147.536,3,147.538,1,147.539,1,147.54,3,147.541,3,147.53,118,147.529,19,147.527,1,147.526,1,147.524,30,147.523,46,147.522,29,147.521,38,147.52,6,147.519,16
1715176712674,1715176712662,BINANCE,BNBUSDT,585.48,5.95,585.49,5.01,585.51,0.68,585.52,0.77,585.53,0.68,585.54,1.7,585.55,8.54,585.56,6.72,585.57,0.78,585.58,7.73,585.47,7.95,585.46,0.56,585.45,4.64,585.44,12.45,585.43,23.01,585.42,59.7,585.41,14.34,585.4,2.87,585.39,11.36,585.38,9.85
1715176712662,1715176712669,BINANCE,ETHUSDT,3031.16,2.149,3031.2,0.322,3031.21,0.081,3031.23,0.05,3031.24,0.04,3031.25,3.056,3031.26,0.2,3031.27,10.007,3031.3,0.009,3031.31,3.168,3031.15,5.4,3031.14,2,3031.12,2,3031.11,22.243,3031.1,16.826,3031.09,18.837,3031.08,18.842,3031.07,16.842,3031.06,18.841,3031.05,22.235
1715176712874,1715176712861,BINANCE,SOLUSDT,147.531,36,147.532,108,147.533,1,147.534,2,147.535,4,147.536,3,147.538,1,147.539,4,147.54,3,147.541,3,147.53,96,147.527,1,147.526,1,147.524,27,147.523,43,147.522,29,147.521,38,147.52,6,147.519,1,147.518,3
1715176712917,1715176712914,BINANCE,BNBUSDT,585.48,8.56,585.49,5.69,585.51,0.68,585.52,0.77,585.53,0.68,585.54,1.7,585.55,8.55,585.56,6.72,585.57,0.78,585.58,5.14,585.47,8.07,585.46,0.56,585.45,4.64,585.44,12.45,585.43,23.01,585.42,4.69,585.41,69.35,585.4,2.87,585.39,11.36,585.38,9.85
1715176712933,1715176712918,BINANCE,ETHUSDT,3030.56,19.713,3030.57,1.294,3030.58,0.051,3030.59,0.544,3030.6,1.575,3030.77,27.345,3030.78,111.265,3030.8,1.526,3030.81,0.008,3030.83,0.261,3030.55,64.604,3030.54,0.026,3030.52,0.015,3030.51,0.014,3030.5,0.014,3030.48,0.022,3030.45,3.164,3030.44,5.928,3030.43,0.348,3030.4,3.294
1715176713147,1715176713145,BINANCE,SOLUSDT,147.531,33,147.532,105,147.533,1,147.534,2,147.535,4,147.536,3,147.538,2,147.539,1,147.54,3,147.541,3,147.53,85,147.528,4,147.527,1,147.526,1,147.524,30,147.523,46,147.522,29,147.521,38,147.52,6,147.519,1
1715176713180,1715176713171,BINANCE,BNBUSDT,585.48,5.11,585.49,5.69,585.5,0.04,585.51,0.68,585.52,0.77,585.53,0.68,585.54,1.7,585.55,8.55,585.56,6.68,585.57,0.78,585.47,8.79,585.46,0.56,585.45,4.64,585.44,20.78,585.43,6.9,585.42,59.7,585.41,14.34,585.4,2.87,585.39,11.36,585.38,9.85
1715176713195,1715176713182,BINANCE,ETHUSDT,3030.56,2.987,3030.57,0.094,3030.58,0.051,3030.59,0.047,3030.6,0.049,3030.73,0.007,3030.77,27.345,3030.78,111.265,3030.81,0.015,3030.84,0.1,3030.55,67.659,3030.54,0.026,3030.52,0.015,3030.51,0.014,3030.5,0.014,3030.48,0.022,3030.45,3.164,3030.44,5.928,3030.43,0.348,3030.4,3.294
1715176713423,1715176713410,BINANCE,SOLUSDT,147.532,78,147.533,1,147.534,2,147.535,3,147.538,1,147.539,1,147.54,3,147.541,3,147.542,1,147.543,1,147.531,148,147.53,14,147.529,4,147.528,3,147.527,1,147.526,1,147.524,28,147.523,46,147.522,29,147.521,10
1715176713430,1715176713437,BINANCE,BNBUSDT,585.48,5.37,585.49,3.89,585.5,0.04,585.51,0.68,585.52,0.77,585.53,3.61,585.54,10.91,585.55,8.55,585.56,6.68,585.57,0.78,585.47,7.7,585.46,0.56,585.45,4.64,585.44,7.45,585.43,24.82,585.42,59.71,585.41,14.34,585.4,2.87,585.39,11.36,585.38,9.85
1715176713451,1715176713437,BINANCE,ETHUSDT,3030.55,8.219,3030.56,1.449,3030.57,0.094,3030.58,0.058,3030.59,0.047,3030.6,0.049,3030.73,0.007,3030.76,9.427,3030.77,27.345,3030.78,111.265,3030.54,67.403,3030.53,3.585,3030.52,2,3030.48,0.007,3030.47,1.2,3030.4,17.615,3030.39,0.021,3030.38,1.5,3030.36,0.015,3030.33,1.28
1715176713668,1715176713662,BINANCE,SOLUSDT,147.532,107,147.533,1,147.534,2,147.535,4,147.538,2,147.539,1,147.54,3,147.541,3,147.542,1,147.543,1,147.531,131,147.53,14,147.529,4,147.528,3,147.527,1,147.526,1,147.524,13,147.523,46,147.522,29,147.521,10
1715176713705,1715176713692,BINANCE,ETHUSDT,3030.55,3.803,3030.56,0.083,3030.57,0.094,3030.58,0.051,3030.59,0.047,3030.6,0.049,3030.73,0.056,3030.77,27.345,3030.78,111.265,3030.81,0.015,3030.54,63.337,3030.52,2,3030.48,4.372,3030.47,1.2,3030.45,13.256,3030.4,13.565,3030.39,0.021,3030.38,1.756,3030.37,0.007,3030.36,0.015
1715176713719,1715176713713,BINANCE,BNBUSDT,585.48,4.46,585.49,3.89,585.5,0.04,585.51,0.68,585.52,0.77,585.53,3.61,585.54,10.91,585.55,8.55,585.56,6.68,585.57,0.78,585.47,7.7,585.46,0.56,585.45,4.64,585.44,12.45,585.43,24.82,585.42,59.71,585.41,14.34,585.4,2.87,585.39,11.36,585.38,9.85
